id,type,name,title,expertise,email,joinDate,status,advisor,endDate,description,startDate,budget,objectives,authors,venue,year,doi,citations,abstract,location,specifications,purchaseDate,maintenanceSchedule,equipment,capacity,acquisitionDate,contractRenewal,accessLevel,topics,amount,grantNumber,type,contractNumber
alice-chen,person,Alice Chen,Principal Investigator,Machine Learning,Computer Vision,Neural Networks,alice.chen@research.org,2018-01-15,active,,,,,,,,,,,,,,,,,,,,,,,,,,
bob-smith,person,Bob Smith,Senior Researcher,Natural Language Processing,Deep Learning,bob.smith@research.org,2019-03-01,active,,,,,,,,,,,,,,,,,,,,,,,,,,
carol-jones,person,Carol Jones,PhD Student,Reinforcement Learning,Robotics,carol.jones@research.org,2020-09-01,active,alice-chen,,,,,,,,,,,,,,,,,,,,,,,,,
david-patel,person,David Patel,Postdoctoral Researcher,Federated Learning,Privacy-Preserving AI,Distributed Systems,david.patel@research.org,2021-02-15,active,,,,,,,,,,,,,,,,,,,,,,,,,,
elena-rodriguez,person,Elena Rodriguez,Research Assistant,Data Visualization,Statistical Analysis,elena.rodriguez@research.org,2022-06-01,active,,,,,,,,,,,,,,,,,,,,,,,,,,
frank-zhang,person,Frank Zhang,Visiting Researcher,Quantum Computing,Algorithm Design,frank.zhang@partner-university.edu,2023-01-10,active,,2023-12-31,,,,,,,,,,,,,,,,,,,,,,,,
grace-kim,person,Grace Kim,Lab Manager,Research Administration,Grant Writing,grace.kim@research.org,2019-07-15,active,,,,,,,,,,,,,,,,,,,,,,,,,,
computer-vision-project,project,,Advanced Computer Vision Systems,,,,active,,2023-12-31,Developing next-generation computer vision systems using deep learning,2021-01-01,500000,Improve object detection accuracy,Develop real-time processing capabilities,Create robust low-light performance,,,,,,,,,,,,,,,,,,,,
nlp-project,project,,Natural Language Understanding,,,,active,,2024-05-31,Advanced NLP techniques for context-aware language understanding,2021-06-01,400000,Enhance contextual understanding,Improve multilingual capabilities,Develop efficient training methods,,,,,,,,,,,,,,,,,,,,
federated-learning-project,project,,Privacy-Preserving Federated Learning,,,,active,,2025-02-28,Developing techniques for training models across distributed data sources while preserving privacy,2022-03-01,650000,Reduce communication overhead in federated systems,Enhance privacy guarantees beyond differential privacy,Deploy to real-world healthcare applications,,,,,,,,,,,,,,,,,,,,
quantum-ml-project,project,,Quantum Approaches to Machine Learning,,,,active,,2024-12-31,Exploring quantum computing advantages for select machine learning problems,2023-01-15,800000,Develop quantum algorithms for ML acceleration,Benchmark against classical approaches,Identify practical quantum advantage use cases,,,,,,,,,,,,,,,,,,,,
adaptive-robotics-project,project,,Adaptive Robotics Control,,,,active,,2024-08-31,Developing reinforcement learning approaches for adaptive robot control in unstructured environments,2021-09-01,550000,Create sample-efficient RL algorithms for robotics,Implement transfer learning between simulation and real-world,Demonstrate robust performance in dynamic environments,,,,,,,,,,,,,,,,,,,,
vision-paper-2022,publication,,Novel Approaches to Low-Light Computer Vision,,,,,,,,,,,alice-chen,carol-jones,International Conference on Computer Vision 2022,2022,10.1234/vision2022,45,This paper presents innovative techniques for computer vision in low-light conditions...,,,,,,,,,,,,,,
nlp-paper-2023,publication,,Context-Aware Language Understanding in Multi-Domain Settings,,,,,,,,,,,bob-smith,alice-chen,ACL 2023,2023,10.1234/acl2023,12,We propose a novel approach to context-aware language understanding...,,,,,,,,,,,,,,
federated-paper-2023,publication,,Communication-Efficient Federated Learning with Adaptive Compression,,,,,,,,,,,david-patel,alice-chen,frank-zhang,International Conference on Machine Learning 2023,2023,10.1234/icml2023,8,This paper introduces a novel compression technique for federated learning that adaptively adjusts to network conditions and data heterogeneity...,,,,,,,,,,,,,,
robotics-paper-2022,publication,,Sim-to-Real Transfer for Robotic Manipulation via Adaptive Domain Randomization,,,,,,,,,,,carol-jones,alice-chen,Robotics: Science and Systems 2022,2022,10.1234/rss2022,31,We present a new approach to sim-to-real transfer learning for robotic manipulation tasks that leverages adaptive domain randomization...,,,,,,,,,,,,,,
quantum-paper-2023,publication,,Quantum Circuit Learning for Computer Vision Tasks,,,,,,,,,,,frank-zhang,david-patel,Quantum Machine Intelligence Journal,2023,10.1234/qmi2023,5,This study explores the application of parameterized quantum circuits for image classification tasks; demonstrating advantages in specific constrained scenarios...,,,,,,,,,,,,,,
survey-paper-2023,publication,,A Comprehensive Survey of Privacy-Preserving Machine Learning Techniques,,,,,,,,,,,david-patel,bob-smith,alice-chen,ACM Computing Surveys,2023,10.1234/surveys2023,78,This survey provides a comprehensive overview of privacy-preserving machine learning techniques; including differential privacy; federated learning; secure multi-party computation; and homomorphic encryption...,,,,,,,,,,,,,,
gpu-cluster,equipment,High-Performance GPU Cluster,,,,,operational,,,NVIDIA DGX A100 cluster for deep learning research,,,,,,,,,,Server Room A,[object Object],2021-01-15,quarterly,,,,,,,,,,
robotics-lab,facility,Robotics Laboratory,,,,,active,,,Advanced robotics testing and development facility,,,,,,,,,,Building B; Room 305,,,,robot-arm-1,motion-capture-system,10,,,,,,,,
quantum-computer,equipment,Quantum Computing Access,,,,,operational,,,Cloud access to IBM Quantum systems,,,,,,,,,,Remote/Cloud,[object Object],,,,,2022-11-01,2024-10-31,,,,,,
hpc-cluster,equipment,University High-Performance Computing Cluster,,,,,operational,,,Shared computing facility for computation-intensive research,,,,,,,,,,Data Center Building C,[object Object],,,,,,,shared,,,,,
data-collection-system,equipment,Field Data Collection System,,,,,operational,,,Mobile sensors and data collection equipment for field research,,,,,,,,,,Equipment Room 105,[object Object],2022-05-15,,,,,,,,,,,
conference-room,facility,Research Team Conference Room,,,,,active,,,Meeting and presentation space with advanced AV equipment,,,,,,,,,,Building A; Room 210,,,,projector,video-conferencing,interactive-whiteboard,20,,,,,,,,
visualization-lab,facility,Data Visualization Laboratory,,,,,active,,,Specialized facility for immersive data visualization,,,,,,,,,,Building B; Room 410,,,,vr-headsets,large-format-displays,3d-projection,8,,,,,,,,
machine-learning-theory,knowledge-area,Machine Learning Theory,,,,,,,,Fundamental theoretical concepts in machine learning,,,,,,,,,,,,,,,,,,,Statistical Learning,Optimization,Information Theory,,,,
computer-vision,knowledge-area,Computer Vision,,,,,,,,Visual information processing and understanding,,,,,,,,,,,,,,,,,,,Object Detection,Image Segmentation,Visual Recognition,,,,
nlp,knowledge-area,Natural Language Processing,,,,,,,,Processing and understanding of human language,,,,,,,,,,,,,,,,,,,Text Understanding,Machine Translation,Language Generation,,,,
privacy-ml,knowledge-area,Privacy-Preserving Machine Learning,,,,,,,,Techniques for ensuring privacy in machine learning systems,,,,,,,,,,,,,,,,,,,Differential Privacy,Federated Learning,Secure Multi-Party Computation,Homomorphic Encryption,,,,
quantum-ml,knowledge-area,Quantum Machine Learning,,,,,,,,Intersection of quantum computing and machine learning,,,,,,,,,,,,,,,,,,,Quantum Neural Networks,Quantum Kernels,Quantum Circuit Learning,Quantum Advantage in ML,,,,
robotics,knowledge-area,Robotics,,,,,,,,Design; construction; and operation of robots,,,,,,,,,,,,,,,,,,,Robot Control,Perception,Path Planning,Human-Robot Interaction,,,,
reinforcement-learning,knowledge-area,Reinforcement Learning,,,,,,,,Learning through interaction with an environment,,,,,,,,,,,,,,,,,,,Value-Based Methods,Policy Gradient Methods,Model-Based RL,Multi-Agent RL,,,,
nsf-grant,funding,NSF Research Grant,,,,,,,2024-12-31,National Science Foundation grant for foundational research,2021-01-01,,,,,,,,,,,,,,,,,,,1200000,NSF-2021-1234,federal,
tech-partner,funding,Tech Industry Partnership,,,,,,,2024-06-30,Research partnership with major technology company,2022-07-01,,,,,,,,,,,,,,,,,,,500000,,industry,IND-2022-789
university-fund,funding,University Research Excellence Fund,,,,,,,2024-12-31,Internal university funding for promising research directions,2023-01-01,,,,,,,,,,,,,,,,,,,250000,UNI-2023-456,internal,